{
    "C": 0.3082461090855443,
    "gamma": 0.019456953570902352
}